date_day,year,quarter,month,month_name,day_of_week,day_of_week_name,day_of_month,day_of_year,is_weekend
1996-01-01,1996,1,1,January,1,Monday,1,1,0
1996-01-02,1996,1,1,January,2,Tuesday,2,2,0
1996-01-03,1996,1,1,January,3,Wednesday,3,3,0
1996-01-04,1996,1,1,January,4,Thursday,4,4,0
1996-01-05,1996,1,1,January,5,Friday,5,5,0
1996-01-06,1996,1,1,January,6,Saturday,6,6,1
1996-01-07,1996,1,1,January,7,Sunday,7,7,1
1996-01-08,1996,1,1,January,1,Monday,8,8,0
1996-01-09,1996,1,1,January,2,Tuesday,9,9,0
1996-01-10,1996,1,1,January,3,Wednesday,10,10,0
1996-01-11,1996,1,1,January,4,Thursday,11,11,0
1996-01-12,1996,1,1,January,5,Friday,12,12,0
1996-01-13,1996,1,1,January,6,Saturday,13,13,1
1996-01-14,1996,1,1,January,7,Sunday,14,14,1
1996-01-15,1996,1,1,January,1,Monday,15,15,0
1996-01-16,1996,1,1,January,2,Tuesday,16,16,0
1996-01-17,1996,1,1,January,3,Wednesday,17,17,0
1996-01-18,1996,1,1,January,4,Thursday,18,18,0
1996-01-19,1996,1,1,January,5,Friday,19,19,0
1996-01-20,1996,1,1,January,6,Saturday,20,20,1
1996-01-21,1996,1,1,January,7,Sunday,21,21,1
1996-01-22,1996,1,1,January,1,Monday,22,22,0
1996-01-23,1996,1,1,January,2,Tuesday,23,23,0
1996-01-24,1996,1,1,January,3,Wednesday,24,24,0
1996-01-25,1996,1,1,January,4,Thursday,25,25,0
1996-01-26,1996,1,1,January,5,Friday,26,26,0
1996-01-27,1996,1,1,January,6,Saturday,27,27,1
1996-01-28,1996,1,1,January,7,Sunday,28,28,1
1996-01-29,1996,1,1,January,1,Monday,29,29,0
1996-01-30,1996,1,1,January,2,Tuesday,30,30,0
1996-01-31,1996,1,1,January,3,Wednesday,31,31,0
1996-02-01,1996,1,2,February,4,Thursday,1,32,0
1996-02-02,1996,1,2,February,5,Friday,2,33,0
1996-02-03,1996,1,2,February,6,Saturday,3,34,1
1996-02-04,1996,1,2,February,7,Sunday,4,35,1
1996-02-05,1996,1,2,February,1,Monday,5,36,0
1996-02-06,1996,1,2,February,2,Tuesday,6,37,0
1996-02-07,1996,1,2,February,3,Wednesday,7,38,0
1996-02-08,1996,1,2,February,4,Thursday,8,39,0
1996-02-09,1996,1,2,February,5,Friday,9,40,0
1996-02-10,1996,1,2,February,6,Saturday,10,41,1
1996-02-11,1996,1,2,February,7,Sunday,11,42,1
1996-02-12,1996,1,2,February,1,Monday,12,43,0
1996-02-13,1996,1,2,February,2,Tuesday,13,44,0
1996-02-14,1996,1,2,February,3,Wednesday,14,45,0
1996-02-15,1996,1,2,February,4,Thursday,15,46,0
1996-02-16,1996,1,2,February,5,Friday,16,47,0
1996-02-17,1996,1,2,February,6,Saturday,17,48,1
1996-02-18,1996,1,2,February,7,Sunday,18,49,1
1996-02-19,1996,1,2,February,1,Monday,19,50,0
1996-02-20,1996,1,2,February,2,Tuesday,20,51,0
1996-02-21,1996,1,2,February,3,Wednesday,21,52,0
1996-02-22,1996,1,2,February,4,Thursday,22,53,0
1996-02-23,1996,1,2,February,5,Friday,23,54,0
1996-02-24,1996,1,2,February,6,Saturday,24,55,1
1996-02-25,1996,1,2,February,7,Sunday,25,56,1
1996-02-26,1996,1,2,February,1,Monday,26,57,0
1996-02-27,1996,1,2,February,2,Tuesday,27,58,0
1996-02-28,1996,1,2,February,3,Wednesday,28,59,0
1996-02-29,1996,1,2,February,4,Thursday,29,60,0
1996-03-01,1996,1,3,March,5,Friday,1,61,0
1996-03-02,1996,1,3,March,6,Saturday,2,62,1
1996-03-03,1996,1,3,March,7,Sunday,3,63,1
1996-03-04,1996,1,3,March,1,Monday,4,64,0
1996-03-05,1996,1,3,March,2,Tuesday,5,65,0
1996-03-06,1996,1,3,March,3,Wednesday,6,66,0
1996-03-07,1996,1,3,March,4,Thursday,7,67,0
1996-03-08,1996,1,3,March,5,Friday,8,68,0
1996-03-09,1996,1,3,March,6,Saturday,9,69,1
1996-03-10,1996,1,3,March,7,Sunday,10,70,1
1996-03-11,1996,1,3,March,1,Monday,11,71,0
1996-03-12,1996,1,3,March,2,Tuesday,12,72,0
1996-03-13,1996,1,3,March,3,Wednesday,13,73,0
1996-03-14,1996,1,3,March,4,Thursday,14,74,0
1996-03-15,1996,1,3,March,5,Friday,15,75,0
1996-03-16,1996,1,3,March,6,Saturday,16,76,1
1996-03-17,1996,1,3,March,7,Sunday,17,77,1
1996-03-18,1996,1,3,March,1,Monday,18,78,0
1996-03-19,1996,1,3,March,2,Tuesday,19,79,0
1996-03-20,1996,1,3,March,3,Wednesday,20,80,0
1996-03-21,1996,1,3,March,4,Thursday,21,81,0
1996-03-22,1996,1,3,March,5,Friday,22,82,0
1996-03-23,1996,1,3,March,6,Saturday,23,83,1
1996-03-24,1996,1,3,March,7,Sunday,24,84,1
1996-03-25,1996,1,3,March,1,Monday,25,85,0
1996-03-26,1996,1,3,March,2,Tuesday,26,86,0
1996-03-27,1996,1,3,March,3,Wednesday,27,87,0
1996-03-28,1996,1,3,March,4,Thursday,28,88,0
1996-03-29,1996,1,3,March,5,Friday,29,89,0
1996-03-30,1996,1,3,March,6,Saturday,30,90,1
1996-03-31,1996,1,3,March,7,Sunday,31,91,1
1996-04-01,1996,2,4,April,1,Monday,1,92,0
1996-04-02,1996,2,4,April,2,Tuesday,2,93,0
1996-04-03,1996,2,4,April,3,Wednesday,3,94,0
1996-04-04,1996,2,4,April,4,Thursday,4,95,0
1996-04-05,1996,2,4,April,5,Friday,5,96,0
1996-04-06,1996,2,4,April,6,Saturday,6,97,1
1996-04-07,1996,2,4,April,7,Sunday,7,98,1
1996-04-08,1996,2,4,April,1,Monday,8,99,0
1996-04-09,1996,2,4,April,2,Tuesday,9,100,0
1996-04-10,1996,2,4,April,3,Wednesday,10,101,0
1996-04-11,1996,2,4,April,4,Thursday,11,102,0
1996-04-12,1996,2,4,April,5,Friday,12,103,0
1996-04-13,1996,2,4,April,6,Saturday,13,104,1
1996-04-14,1996,2,4,April,7,Sunday,14,105,1
1996-04-15,1996,2,4,April,1,Monday,15,106,0
1996-04-16,1996,2,4,April,2,Tuesday,16,107,0
1996-04-17,1996,2,4,April,3,Wednesday,17,108,0
1996-04-18,1996,2,4,April,4,Thursday,18,109,0
1996-04-19,1996,2,4,April,5,Friday,19,110,0
1996-04-20,1996,2,4,April,6,Saturday,20,111,1
1996-04-21,1996,2,4,April,7,Sunday,21,112,1
1996-04-22,1996,2,4,April,1,Monday,22,113,0
1996-04-23,1996,2,4,April,2,Tuesday,23,114,0
1996-04-24,1996,2,4,April,3,Wednesday,24,115,0
1996-04-25,1996,2,4,April,4,Thursday,25,116,0
1996-04-26,1996,2,4,April,5,Friday,26,117,0
1996-04-27,1996,2,4,April,6,Saturday,27,118,1
1996-04-28,1996,2,4,April,7,Sunday,28,119,1
1996-04-29,1996,2,4,April,1,Monday,29,120,0
1996-04-30,1996,2,4,April,2,Tuesday,30,121,0
1996-05-01,1996,2,5,May,3,Wednesday,1,122,0
1996-05-02,1996,2,5,May,4,Thursday,2,123,0
1996-05-03,1996,2,5,May,5,Friday,3,124,0
1996-05-04,1996,2,5,May,6,Saturday,4,125,1
1996-05-05,1996,2,5,May,7,Sunday,5,126,1
1996-05-06,1996,2,5,May,1,Monday,6,127,0
1996-05-07,1996,2,5,May,2,Tuesday,7,128,0
1996-05-08,1996,2,5,May,3,Wednesday,8,129,0
1996-05-09,1996,2,5,May,4,Thursday,9,130,0
1996-05-10,1996,2,5,May,5,Friday,10,131,0
1996-05-11,1996,2,5,May,6,Saturday,11,132,1
1996-05-12,1996,2,5,May,7,Sunday,12,133,1
1996-05-13,1996,2,5,May,1,Monday,13,134,0
1996-05-14,1996,2,5,May,2,Tuesday,14,135,0
1996-05-15,1996,2,5,May,3,Wednesday,15,136,0
1996-05-16,1996,2,5,May,4,Thursday,16,137,0
1996-05-17,1996,2,5,May,5,Friday,17,138,0
1996-05-18,1996,2,5,May,6,Saturday,18,139,1
1996-05-19,1996,2,5,May,7,Sunday,19,140,1
1996-05-20,1996,2,5,May,1,Monday,20,141,0
1996-05-21,1996,2,5,May,2,Tuesday,21,142,0
1996-05-22,1996,2,5,May,3,Wednesday,22,143,0
1996-05-23,1996,2,5,May,4,Thursday,23,144,0
1996-05-24,1996,2,5,May,5,Friday,24,145,0
1996-05-25,1996,2,5,May,6,Saturday,25,146,1
1996-05-26,1996,2,5,May,7,Sunday,26,147,1
1996-05-27,1996,2,5,May,1,Monday,27,148,0
1996-05-28,1996,2,5,May,2,Tuesday,28,149,0
1996-05-29,1996,2,5,May,3,Wednesday,29,150,0
1996-05-30,1996,2,5,May,4,Thursday,30,151,0
1996-05-31,1996,2,5,May,5,Friday,31,152,0
1996-06-01,1996,2,6,June,6,Saturday,1,153,1
1996-06-02,1996,2,6,June,7,Sunday,2,154,1
1996-06-03,1996,2,6,June,1,Monday,3,155,0
1996-06-04,1996,2,6,June,2,Tuesday,4,156,0
1996-06-05,1996,2,6,June,3,Wednesday,5,157,0
1996-06-06,1996,2,6,June,4,Thursday,6,158,0
1996-06-07,1996,2,6,June,5,Friday,7,159,0
1996-06-08,1996,2,6,June,6,Saturday,8,160,1
1996-06-09,1996,2,6,June,7,Sunday,9,161,1
1996-06-10,1996,2,6,June,1,Monday,10,162,0
1996-06-11,1996,2,6,June,2,Tuesday,11,163,0
1996-06-12,1996,2,6,June,3,Wednesday,12,164,0
1996-06-13,1996,2,6,June,4,Thursday,13,165,0
1996-06-14,1996,2,6,June,5,Friday,14,166,0
1996-06-15,1996,2,6,June,6,Saturday,15,167,1
1996-06-16,1996,2,6,June,7,Sunday,16,168,1
1996-06-17,1996,2,6,June,1,Monday,17,169,0
1996-06-18,1996,2,6,June,2,Tuesday,18,170,0
1996-06-19,1996,2,6,June,3,Wednesday,19,171,0
1996-06-20,1996,2,6,June,4,Thursday,20,172,0
1996-06-21,1996,2,6,June,5,Friday,21,173,0
1996-06-22,1996,2,6,June,6,Saturday,22,174,1
1996-06-23,1996,2,6,June,7,Sunday,23,175,1
1996-06-24,1996,2,6,June,1,Monday,24,176,0
1996-06-25,1996,2,6,June,2,Tuesday,25,177,0
1996-06-26,1996,2,6,June,3,Wednesday,26,178,0
1996-06-27,1996,2,6,June,4,Thursday,27,179,0
1996-06-28,1996,2,6,June,5,Friday,28,180,0
1996-06-29,1996,2,6,June,6,Saturday,29,181,1
1996-06-30,1996,2,6,June,7,Sunday,30,182,1
1996-07-01,1996,3,7,July,1,Monday,1,183,0
1996-07-02,1996,3,7,July,2,Tuesday,2,184,0
1996-07-03,1996,3,7,July,3,Wednesday,3,185,0
1996-07-04,1996,3,7,July,4,Thursday,4,186,0
1996-07-05,1996,3,7,July,5,Friday,5,187,0
1996-07-06,1996,3,7,July,6,Saturday,6,188,1
1996-07-07,1996,3,7,July,7,Sunday,7,189,1
1996-07-08,1996,3,7,July,1,Monday,8,190,0
1996-07-09,1996,3,7,July,2,Tuesday,9,191,0
1996-07-10,1996,3,7,July,3,Wednesday,10,192,0
1996-07-11,1996,3,7,July,4,Thursday,11,193,0
1996-07-12,1996,3,7,July,5,Friday,12,194,0
1996-07-13,1996,3,7,July,6,Saturday,13,195,1
1996-07-14,1996,3,7,July,7,Sunday,14,196,1
1996-07-15,1996,3,7,July,1,Monday,15,197,0
1996-07-16,1996,3,7,July,2,Tuesday,16,198,0
1996-07-17,1996,3,7,July,3,Wednesday,17,199,0
1996-07-18,1996,3,7,July,4,Thursday,18,200,0
1996-07-19,1996,3,7,July,5,Friday,19,201,0
1996-07-20,1996,3,7,July,6,Saturday,20,202,1
1996-07-21,1996,3,7,July,7,Sunday,21,203,1
1996-07-22,1996,3,7,July,1,Monday,22,204,0
1996-07-23,1996,3,7,July,2,Tuesday,23,205,0
1996-07-24,1996,3,7,July,3,Wednesday,24,206,0
1996-07-25,1996,3,7,July,4,Thursday,25,207,0
1996-07-26,1996,3,7,July,5,Friday,26,208,0
1996-07-27,1996,3,7,July,6,Saturday,27,209,1
1996-07-28,1996,3,7,July,7,Sunday,28,210,1
1996-07-29,1996,3,7,July,1,Monday,29,211,0
1996-07-30,1996,3,7,July,2,Tuesday,30,212,0
1996-07-31,1996,3,7,July,3,Wednesday,31,213,0
1996-08-01,1996,3,8,August,4,Thursday,1,214,0
1996-08-02,1996,3,8,August,5,Friday,2,215,0
1996-08-03,1996,3,8,August,6,Saturday,3,216,1
1996-08-04,1996,3,8,August,7,Sunday,4,217,1
1996-08-05,1996,3,8,August,1,Monday,5,218,0
1996-08-06,1996,3,8,August,2,Tuesday,6,219,0
1996-08-07,1996,3,8,August,3,Wednesday,7,220,0
1996-08-08,1996,3,8,August,4,Thursday,8,221,0
1996-08-09,1996,3,8,August,5,Friday,9,222,0
1996-08-10,1996,3,8,August,6,Saturday,10,223,1
1996-08-11,1996,3,8,August,7,Sunday,11,224,1
1996-08-12,1996,3,8,August,1,Monday,12,225,0
1996-08-13,1996,3,8,August,2,Tuesday,13,226,0
1996-08-14,1996,3,8,August,3,Wednesday,14,227,0
1996-08-15,1996,3,8,August,4,Thursday,15,228,0
1996-08-16,1996,3,8,August,5,Friday,16,229,0
1996-08-17,1996,3,8,August,6,Saturday,17,230,1
1996-08-18,1996,3,8,August,7,Sunday,18,231,1
1996-08-19,1996,3,8,August,1,Monday,19,232,0
1996-08-20,1996,3,8,August,2,Tuesday,20,233,0
1996-08-21,1996,3,8,August,3,Wednesday,21,234,0
1996-08-22,1996,3,8,August,4,Thursday,22,235,0
1996-08-23,1996,3,8,August,5,Friday,23,236,0
1996-08-24,1996,3,8,August,6,Saturday,24,237,1
1996-08-25,1996,3,8,August,7,Sunday,25,238,1
1996-08-26,1996,3,8,August,1,Monday,26,239,0
1996-08-27,1996,3,8,August,2,Tuesday,27,240,0
1996-08-28,1996,3,8,August,3,Wednesday,28,241,0
1996-08-29,1996,3,8,August,4,Thursday,29,242,0
1996-08-30,1996,3,8,August,5,Friday,30,243,0
1996-08-31,1996,3,8,August,6,Saturday,31,244,1
1996-09-01,1996,3,9,September,7,Sunday,1,245,1
1996-09-02,1996,3,9,September,1,Monday,2,246,0
1996-09-03,1996,3,9,September,2,Tuesday,3,247,0
1996-09-04,1996,3,9,September,3,Wednesday,4,248,0
1996-09-05,1996,3,9,September,4,Thursday,5,249,0
1996-09-06,1996,3,9,September,5,Friday,6,250,0
1996-09-07,1996,3,9,September,6,Saturday,7,251,1
1996-09-08,1996,3,9,September,7,Sunday,8,252,1
1996-09-09,1996,3,9,September,1,Monday,9,253,0
1996-09-10,1996,3,9,September,2,Tuesday,10,254,0
1996-09-11,1996,3,9,September,3,Wednesday,11,255,0
1996-09-12,1996,3,9,September,4,Thursday,12,256,0
1996-09-13,1996,3,9,September,5,Friday,13,257,0
1996-09-14,1996,3,9,September,6,Saturday,14,258,1
1996-09-15,1996,3,9,September,7,Sunday,15,259,1
1996-09-16,1996,3,9,September,1,Monday,16,260,0
1996-09-17,1996,3,9,September,2,Tuesday,17,261,0
1996-09-18,1996,3,9,September,3,Wednesday,18,262,0
1996-09-19,1996,3,9,September,4,Thursday,19,263,0
1996-09-20,1996,3,9,September,5,Friday,20,264,0
1996-09-21,1996,3,9,September,6,Saturday,21,265,1
1996-09-22,1996,3,9,September,7,Sunday,22,266,1
1996-09-23,1996,3,9,September,1,Monday,23,267,0
1996-09-24,1996,3,9,September,2,Tuesday,24,268,0
1996-09-25,1996,3,9,September,3,Wednesday,25,269,0
1996-09-26,1996,3,9,September,4,Thursday,26,270,0
1996-09-27,1996,3,9,September,5,Friday,27,271,0
1996-09-28,1996,3,9,September,6,Saturday,28,272,1
1996-09-29,1996,3,9,September,7,Sunday,29,273,1
1996-09-30,1996,3,9,September,1,Monday,30,274,0
1996-10-01,1996,4,10,October,2,Tuesday,1,275,0
1996-10-02,1996,4,10,October,3,Wednesday,2,276,0
1996-10-03,1996,4,10,October,4,Thursday,3,277,0
1996-10-04,1996,4,10,October,5,Friday,4,278,0
1996-10-05,1996,4,10,October,6,Saturday,5,279,1
1996-10-06,1996,4,10,October,7,Sunday,6,280,1
1996-10-07,1996,4,10,October,1,Monday,7,281,0
1996-10-08,1996,4,10,October,2,Tuesday,8,282,0
1996-10-09,1996,4,10,October,3,Wednesday,9,283,0
1996-10-10,1996,4,10,October,4,Thursday,10,284,0
1996-10-11,1996,4,10,October,5,Friday,11,285,0
1996-10-12,1996,4,10,October,6,Saturday,12,286,1
1996-10-13,1996,4,10,October,7,Sunday,13,287,1
1996-10-14,1996,4,10,October,1,Monday,14,288,0
1996-10-15,1996,4,10,October,2,Tuesday,15,289,0
1996-10-16,1996,4,10,October,3,Wednesday,16,290,0
1996-10-17,1996,4,10,October,4,Thursday,17,291,0
1996-10-18,1996,4,10,October,5,Friday,18,292,0
1996-10-19,1996,4,10,October,6,Saturday,19,293,1
1996-10-20,1996,4,10,October,7,Sunday,20,294,1
1996-10-21,1996,4,10,October,1,Monday,21,295,0
1996-10-22,1996,4,10,October,2,Tuesday,22,296,0
1996-10-23,1996,4,10,October,3,Wednesday,23,297,0
1996-10-24,1996,4,10,October,4,Thursday,24,298,0
1996-10-25,1996,4,10,October,5,Friday,25,299,0
1996-10-26,1996,4,10,October,6,Saturday,26,300,1
1996-10-27,1996,4,10,October,7,Sunday,27,301,1
1996-10-28,1996,4,10,October,1,Monday,28,302,0
1996-10-29,1996,4,10,October,2,Tuesday,29,303,0
1996-10-30,1996,4,10,October,3,Wednesday,30,304,0
1996-10-31,1996,4,10,October,4,Thursday,31,305,0
1996-11-01,1996,4,11,November,5,Friday,1,306,0
1996-11-02,1996,4,11,November,6,Saturday,2,307,1
1996-11-03,1996,4,11,November,7,Sunday,3,308,1
1996-11-04,1996,4,11,November,1,Monday,4,309,0
1996-11-05,1996,4,11,November,2,Tuesday,5,310,0
1996-11-06,1996,4,11,November,3,Wednesday,6,311,0
1996-11-07,1996,4,11,November,4,Thursday,7,312,0
1996-11-08,1996,4,11,November,5,Friday,8,313,0
1996-11-09,1996,4,11,November,6,Saturday,9,314,1
1996-11-10,1996,4,11,November,7,Sunday,10,315,1
1996-11-11,1996,4,11,November,1,Monday,11,316,0
1996-11-12,1996,4,11,November,2,Tuesday,12,317,0
1996-11-13,1996,4,11,November,3,Wednesday,13,318,0
1996-11-14,1996,4,11,November,4,Thursday,14,319,0
1996-11-15,1996,4,11,November,5,Friday,15,320,0
1996-11-16,1996,4,11,November,6,Saturday,16,321,1
1996-11-17,1996,4,11,November,7,Sunday,17,322,1
1996-11-18,1996,4,11,November,1,Monday,18,323,0
1996-11-19,1996,4,11,November,2,Tuesday,19,324,0
1996-11-20,1996,4,11,November,3,Wednesday,20,325,0
1996-11-21,1996,4,11,November,4,Thursday,21,326,0
1996-11-22,1996,4,11,November,5,Friday,22,327,0
1996-11-23,1996,4,11,November,6,Saturday,23,328,1
1996-11-24,1996,4,11,November,7,Sunday,24,329,1
1996-11-25,1996,4,11,November,1,Monday,25,330,0
1996-11-26,1996,4,11,November,2,Tuesday,26,331,0
1996-11-27,1996,4,11,November,3,Wednesday,27,332,0
1996-11-28,1996,4,11,November,4,Thursday,28,333,0
1996-11-29,1996,4,11,November,5,Friday,29,334,0
1996-11-30,1996,4,11,November,6,Saturday,30,335,1
1996-12-01,1996,4,12,December,7,Sunday,1,336,1
1996-12-02,1996,4,12,December,1,Monday,2,337,0
1996-12-03,1996,4,12,December,2,Tuesday,3,338,0
1996-12-04,1996,4,12,December,3,Wednesday,4,339,0
1996-12-05,1996,4,12,December,4,Thursday,5,340,0
1996-12-06,1996,4,12,December,5,Friday,6,341,0
1996-12-07,1996,4,12,December,6,Saturday,7,342,1
1996-12-08,1996,4,12,December,7,Sunday,8,343,1
1996-12-09,1996,4,12,December,1,Monday,9,344,0
1996-12-10,1996,4,12,December,2,Tuesday,10,345,0
1996-12-11,1996,4,12,December,3,Wednesday,11,346,0
1996-12-12,1996,4,12,December,4,Thursday,12,347,0
1996-12-13,1996,4,12,December,5,Friday,13,348,0
1996-12-14,1996,4,12,December,6,Saturday,14,349,1
1996-12-15,1996,4,12,December,7,Sunday,15,350,1
1996-12-16,1996,4,12,December,1,Monday,16,351,0
1996-12-17,1996,4,12,December,2,Tuesday,17,352,0
1996-12-18,1996,4,12,December,3,Wednesday,18,353,0
1996-12-19,1996,4,12,December,4,Thursday,19,354,0
1996-12-20,1996,4,12,December,5,Friday,20,355,0
1996-12-21,1996,4,12,December,6,Saturday,21,356,1
1996-12-22,1996,4,12,December,7,Sunday,22,357,1
1996-12-23,1996,4,12,December,1,Monday,23,358,0
1996-12-24,1996,4,12,December,2,Tuesday,24,359,0
1996-12-25,1996,4,12,December,3,Wednesday,25,360,0
1996-12-26,1996,4,12,December,4,Thursday,26,361,0
1996-12-27,1996,4,12,December,5,Friday,27,362,0
1996-12-28,1996,4,12,December,6,Saturday,28,363,1
1996-12-29,1996,4,12,December,7,Sunday,29,364,1
1996-12-30,1996,4,12,December,1,Monday,30,365,0
1996-12-31,1996,4,12,December,2,Tuesday,31,366,0
1997-01-01,1997,1,1,January,3,Wednesday,1,1,0
1997-01-02,1997,1,1,January,4,Thursday,2,2,0
1997-01-03,1997,1,1,January,5,Friday,3,3,0
1997-01-04,1997,1,1,January,6,Saturday,4,4,1
1997-01-05,1997,1,1,January,7,Sunday,5,5,1
1997-01-06,1997,1,1,January,1,Monday,6,6,0
1997-01-07,1997,1,1,January,2,Tuesday,7,7,0
1997-01-08,1997,1,1,January,3,Wednesday,8,8,0
1997-01-09,1997,1,1,January,4,Thursday,9,9,0
1997-01-10,1997,1,1,January,5,Friday,10,10,0
1997-01-11,1997,1,1,January,6,Saturday,11,11,1
1997-01-12,1997,1,1,January,7,Sunday,12,12,1
1997-01-13,1997,1,1,January,1,Monday,13,13,0
1997-01-14,1997,1,1,January,2,Tuesday,14,14,0
1997-01-15,1997,1,1,January,3,Wednesday,15,15,0
1997-01-16,1997,1,1,January,4,Thursday,16,16,0
1997-01-17,1997,1,1,January,5,Friday,17,17,0
1997-01-18,1997,1,1,January,6,Saturday,18,18,1
1997-01-19,1997,1,1,January,7,Sunday,19,19,1
1997-01-20,1997,1,1,January,1,Monday,20,20,0
1997-01-21,1997,1,1,January,2,Tuesday,21,21,0
1997-01-22,1997,1,1,January,3,Wednesday,22,22,0
1997-01-23,1997,1,1,January,4,Thursday,23,23,0
1997-01-24,1997,1,1,January,5,Friday,24,24,0
1997-01-25,1997,1,1,January,6,Saturday,25,25,1
1997-01-26,1997,1,1,January,7,Sunday,26,26,1
1997-01-27,1997,1,1,January,1,Monday,27,27,0
1997-01-28,1997,1,1,January,2,Tuesday,28,28,0
1997-01-29,1997,1,1,January,3,Wednesday,29,29,0
1997-01-30,1997,1,1,January,4,Thursday,30,30,0
1997-01-31,1997,1,1,January,5,Friday,31,31,0
1997-02-01,1997,1,2,February,6,Saturday,1,32,1
1997-02-02,1997,1,2,February,7,Sunday,2,33,1
1997-02-03,1997,1,2,February,1,Monday,3,34,0
1997-02-04,1997,1,2,February,2,Tuesday,4,35,0
1997-02-05,1997,1,2,February,3,Wednesday,5,36,0
1997-02-06,1997,1,2,February,4,Thursday,6,37,0
1997-02-07,1997,1,2,February,5,Friday,7,38,0
1997-02-08,1997,1,2,February,6,Saturday,8,39,1
1997-02-09,1997,1,2,February,7,Sunday,9,40,1
1997-02-10,1997,1,2,February,1,Monday,10,41,0
1997-02-11,1997,1,2,February,2,Tuesday,11,42,0
1997-02-12,1997,1,2,February,3,Wednesday,12,43,0
1997-02-13,1997,1,2,February,4,Thursday,13,44,0
1997-02-14,1997,1,2,February,5,Friday,14,45,0
1997-02-15,1997,1,2,February,6,Saturday,15,46,1
1997-02-16,1997,1,2,February,7,Sunday,16,47,1
1997-02-17,1997,1,2,February,1,Monday,17,48,0
1997-02-18,1997,1,2,February,2,Tuesday,18,49,0
1997-02-19,1997,1,2,February,3,Wednesday,19,50,0
1997-02-20,1997,1,2,February,4,Thursday,20,51,0
1997-02-21,1997,1,2,February,5,Friday,21,52,0
1997-02-22,1997,1,2,February,6,Saturday,22,53,1
1997-02-23,1997,1,2,February,7,Sunday,23,54,1
1997-02-24,1997,1,2,February,1,Monday,24,55,0
1997-02-25,1997,1,2,February,2,Tuesday,25,56,0
1997-02-26,1997,1,2,February,3,Wednesday,26,57,0
1997-02-27,1997,1,2,February,4,Thursday,27,58,0
1997-02-28,1997,1,2,February,5,Friday,28,59,0
1997-03-01,1997,1,3,March,6,Saturday,1,60,1
1997-03-02,1997,1,3,March,7,Sunday,2,61,1
1997-03-03,1997,1,3,March,1,Monday,3,62,0
1997-03-04,1997,1,3,March,2,Tuesday,4,63,0
1997-03-05,1997,1,3,March,3,Wednesday,5,64,0
1997-03-06,1997,1,3,March,4,Thursday,6,65,0
1997-03-07,1997,1,3,March,5,Friday,7,66,0
1997-03-08,1997,1,3,March,6,Saturday,8,67,1
1997-03-09,1997,1,3,March,7,Sunday,9,68,1
1997-03-10,1997,1,3,March,1,Monday,10,69,0
1997-03-11,1997,1,3,March,2,Tuesday,11,70,0
1997-03-12,1997,1,3,March,3,Wednesday,12,71,0
1997-03-13,1997,1,3,March,4,Thursday,13,72,0
1997-03-14,1997,1,3,March,5,Friday,14,73,0
1997-03-15,1997,1,3,March,6,Saturday,15,74,1
1997-03-16,1997,1,3,March,7,Sunday,16,75,1
1997-03-17,1997,1,3,March,1,Monday,17,76,0
1997-03-18,1997,1,3,March,2,Tuesday,18,77,0
1997-03-19,1997,1,3,March,3,Wednesday,19,78,0
1997-03-20,1997,1,3,March,4,Thursday,20,79,0
1997-03-21,1997,1,3,March,5,Friday,21,80,0
1997-03-22,1997,1,3,March,6,Saturday,22,81,1
1997-03-23,1997,1,3,March,7,Sunday,23,82,1
1997-03-24,1997,1,3,March,1,Monday,24,83,0
1997-03-25,1997,1,3,March,2,Tuesday,25,84,0
1997-03-26,1997,1,3,March,3,Wednesday,26,85,0
1997-03-27,1997,1,3,March,4,Thursday,27,86,0
1997-03-28,1997,1,3,March,5,Friday,28,87,0
1997-03-29,1997,1,3,March,6,Saturday,29,88,1
1997-03-30,1997,1,3,March,7,Sunday,30,89,1
1997-03-31,1997,1,3,March,1,Monday,31,90,0
1997-04-01,1997,2,4,April,2,Tuesday,1,91,0
1997-04-02,1997,2,4,April,3,Wednesday,2,92,0
1997-04-03,1997,2,4,April,4,Thursday,3,93,0
1997-04-04,1997,2,4,April,5,Friday,4,94,0
1997-04-05,1997,2,4,April,6,Saturday,5,95,1
1997-04-06,1997,2,4,April,7,Sunday,6,96,1
1997-04-07,1997,2,4,April,1,Monday,7,97,0
1997-04-08,1997,2,4,April,2,Tuesday,8,98,0
1997-04-09,1997,2,4,April,3,Wednesday,9,99,0
1997-04-10,1997,2,4,April,4,Thursday,10,100,0
1997-04-11,1997,2,4,April,5,Friday,11,101,0
1997-04-12,1997,2,4,April,6,Saturday,12,102,1
1997-04-13,1997,2,4,April,7,Sunday,13,103,1
1997-04-14,1997,2,4,April,1,Monday,14,104,0
1997-04-15,1997,2,4,April,2,Tuesday,15,105,0
1997-04-16,1997,2,4,April,3,Wednesday,16,106,0
1997-04-17,1997,2,4,April,4,Thursday,17,107,0
1997-04-18,1997,2,4,April,5,Friday,18,108,0
1997-04-19,1997,2,4,April,6,Saturday,19,109,1
1997-04-20,1997,2,4,April,7,Sunday,20,110,1
1997-04-21,1997,2,4,April,1,Monday,21,111,0
1997-04-22,1997,2,4,April,2,Tuesday,22,112,0
1997-04-23,1997,2,4,April,3,Wednesday,23,113,0
1997-04-24,1997,2,4,April,4,Thursday,24,114,0
1997-04-25,1997,2,4,April,5,Friday,25,115,0
1997-04-26,1997,2,4,April,6,Saturday,26,116,1
1997-04-27,1997,2,4,April,7,Sunday,27,117,1
1997-04-28,1997,2,4,April,1,Monday,28,118,0
1997-04-29,1997,2,4,April,2,Tuesday,29,119,0
1997-04-30,1997,2,4,April,3,Wednesday,30,120,0
1997-05-01,1997,2,5,May,4,Thursday,1,121,0
1997-05-02,1997,2,5,May,5,Friday,2,122,0
1997-05-03,1997,2,5,May,6,Saturday,3,123,1
1997-05-04,1997,2,5,May,7,Sunday,4,124,1
1997-05-05,1997,2,5,May,1,Monday,5,125,0
1997-05-06,1997,2,5,May,2,Tuesday,6,126,0
1997-05-07,1997,2,5,May,3,Wednesday,7,127,0
1997-05-08,1997,2,5,May,4,Thursday,8,128,0
1997-05-09,1997,2,5,May,5,Friday,9,129,0
1997-05-10,1997,2,5,May,6,Saturday,10,130,1
1997-05-11,1997,2,5,May,7,Sunday,11,131,1
1997-05-12,1997,2,5,May,1,Monday,12,132,0
1997-05-13,1997,2,5,May,2,Tuesday,13,133,0
1997-05-14,1997,2,5,May,3,Wednesday,14,134,0
1997-05-15,1997,2,5,May,4,Thursday,15,135,0
1997-05-16,1997,2,5,May,5,Friday,16,136,0
1997-05-17,1997,2,5,May,6,Saturday,17,137,1
1997-05-18,1997,2,5,May,7,Sunday,18,138,1
1997-05-19,1997,2,5,May,1,Monday,19,139,0
1997-05-20,1997,2,5,May,2,Tuesday,20,140,0
1997-05-21,1997,2,5,May,3,Wednesday,21,141,0
1997-05-22,1997,2,5,May,4,Thursday,22,142,0
1997-05-23,1997,2,5,May,5,Friday,23,143,0
1997-05-24,1997,2,5,May,6,Saturday,24,144,1
1997-05-25,1997,2,5,May,7,Sunday,25,145,1
1997-05-26,1997,2,5,May,1,Monday,26,146,0
1997-05-27,1997,2,5,May,2,Tuesday,27,147,0
1997-05-28,1997,2,5,May,3,Wednesday,28,148,0
1997-05-29,1997,2,5,May,4,Thursday,29,149,0
1997-05-30,1997,2,5,May,5,Friday,30,150,0
1997-05-31,1997,2,5,May,6,Saturday,31,151,1
1997-06-01,1997,2,6,June,7,Sunday,1,152,1
1997-06-02,1997,2,6,June,1,Monday,2,153,0
1997-06-03,1997,2,6,June,2,Tuesday,3,154,0
1997-06-04,1997,2,6,June,3,Wednesday,4,155,0
1997-06-05,1997,2,6,June,4,Thursday,5,156,0
1997-06-06,1997,2,6,June,5,Friday,6,157,0
1997-06-07,1997,2,6,June,6,Saturday,7,158,1
1997-06-08,1997,2,6,June,7,Sunday,8,159,1
1997-06-09,1997,2,6,June,1,Monday,9,160,0
1997-06-10,1997,2,6,June,2,Tuesday,10,161,0
1997-06-11,1997,2,6,June,3,Wednesday,11,162,0
1997-06-12,1997,2,6,June,4,Thursday,12,163,0
1997-06-13,1997,2,6,June,5,Friday,13,164,0
1997-06-14,1997,2,6,June,6,Saturday,14,165,1
1997-06-15,1997,2,6,June,7,Sunday,15,166,1
1997-06-16,1997,2,6,June,1,Monday,16,167,0
1997-06-17,1997,2,6,June,2,Tuesday,17,168,0
1997-06-18,1997,2,6,June,3,Wednesday,18,169,0
1997-06-19,1997,2,6,June,4,Thursday,19,170,0
1997-06-20,1997,2,6,June,5,Friday,20,171,0
1997-06-21,1997,2,6,June,6,Saturday,21,172,1
1997-06-22,1997,2,6,June,7,Sunday,22,173,1
1997-06-23,1997,2,6,June,1,Monday,23,174,0
1997-06-24,1997,2,6,June,2,Tuesday,24,175,0
1997-06-25,1997,2,6,June,3,Wednesday,25,176,0
1997-06-26,1997,2,6,June,4,Thursday,26,177,0
1997-06-27,1997,2,6,June,5,Friday,27,178,0
1997-06-28,1997,2,6,June,6,Saturday,28,179,1
1997-06-29,1997,2,6,June,7,Sunday,29,180,1
1997-06-30,1997,2,6,June,1,Monday,30,181,0
1997-07-01,1997,3,7,July,2,Tuesday,1,182,0
1997-07-02,1997,3,7,July,3,Wednesday,2,183,0
1997-07-03,1997,3,7,July,4,Thursday,3,184,0
1997-07-04,1997,3,7,July,5,Friday,4,185,0
1997-07-05,1997,3,7,July,6,Saturday,5,186,1
1997-07-06,1997,3,7,July,7,Sunday,6,187,1
1997-07-07,1997,3,7,July,1,Monday,7,188,0
1997-07-08,1997,3,7,July,2,Tuesday,8,189,0
1997-07-09,1997,3,7,July,3,Wednesday,9,190,0
1997-07-10,1997,3,7,July,4,Thursday,10,191,0
1997-07-11,1997,3,7,July,5,Friday,11,192,0
1997-07-12,1997,3,7,July,6,Saturday,12,193,1
1997-07-13,1997,3,7,July,7,Sunday,13,194,1
1997-07-14,1997,3,7,July,1,Monday,14,195,0
1997-07-15,1997,3,7,July,2,Tuesday,15,196,0
1997-07-16,1997,3,7,July,3,Wednesday,16,197,0
1997-07-17,1997,3,7,July,4,Thursday,17,198,0
1997-07-18,1997,3,7,July,5,Friday,18,199,0
1997-07-19,1997,3,7,July,6,Saturday,19,200,1
1997-07-20,1997,3,7,July,7,Sunday,20,201,1
1997-07-21,1997,3,7,July,1,Monday,21,202,0
1997-07-22,1997,3,7,July,2,Tuesday,22,203,0
1997-07-23,1997,3,7,July,3,Wednesday,23,204,0
1997-07-24,1997,3,7,July,4,Thursday,24,205,0
1997-07-25,1997,3,7,July,5,Friday,25,206,0
1997-07-26,1997,3,7,July,6,Saturday,26,207,1
1997-07-27,1997,3,7,July,7,Sunday,27,208,1
1997-07-28,1997,3,7,July,1,Monday,28,209,0
1997-07-29,1997,3,7,July,2,Tuesday,29,210,0
1997-07-30,1997,3,7,July,3,Wednesday,30,211,0
1997-07-31,1997,3,7,July,4,Thursday,31,212,0
1997-08-01,1997,3,8,August,5,Friday,1,213,0
1997-08-02,1997,3,8,August,6,Saturday,2,214,1
1997-08-03,1997,3,8,August,7,Sunday,3,215,1
1997-08-04,1997,3,8,August,1,Monday,4,216,0
1997-08-05,1997,3,8,August,2,Tuesday,5,217,0
1997-08-06,1997,3,8,August,3,Wednesday,6,218,0
1997-08-07,1997,3,8,August,4,Thursday,7,219,0
1997-08-08,1997,3,8,August,5,Friday,8,220,0
1997-08-09,1997,3,8,August,6,Saturday,9,221,1
1997-08-10,1997,3,8,August,7,Sunday,10,222,1
1997-08-11,1997,3,8,August,1,Monday,11,223,0
1997-08-12,1997,3,8,August,2,Tuesday,12,224,0
1997-08-13,1997,3,8,August,3,Wednesday,13,225,0
1997-08-14,1997,3,8,August,4,Thursday,14,226,0
1997-08-15,1997,3,8,August,5,Friday,15,227,0
1997-08-16,1997,3,8,August,6,Saturday,16,228,1
1997-08-17,1997,3,8,August,7,Sunday,17,229,1
1997-08-18,1997,3,8,August,1,Monday,18,230,0
1997-08-19,1997,3,8,August,2,Tuesday,19,231,0
1997-08-20,1997,3,8,August,3,Wednesday,20,232,0
1997-08-21,1997,3,8,August,4,Thursday,21,233,0
1997-08-22,1997,3,8,August,5,Friday,22,234,0
1997-08-23,1997,3,8,August,6,Saturday,23,235,1
1997-08-24,1997,3,8,August,7,Sunday,24,236,1
1997-08-25,1997,3,8,August,1,Monday,25,237,0
1997-08-26,1997,3,8,August,2,Tuesday,26,238,0
1997-08-27,1997,3,8,August,3,Wednesday,27,239,0
1997-08-28,1997,3,8,August,4,Thursday,28,240,0
1997-08-29,1997,3,8,August,5,Friday,29,241,0
1997-08-30,1997,3,8,August,6,Saturday,30,242,1
1997-08-31,1997,3,8,August,7,Sunday,31,243,1
1997-09-01,1997,3,9,September,1,Monday,1,244,0
1997-09-02,1997,3,9,September,2,Tuesday,2,245,0
1997-09-03,1997,3,9,September,3,Wednesday,3,246,0
1997-09-04,1997,3,9,September,4,Thursday,4,247,0
1997-09-05,1997,3,9,September,5,Friday,5,248,0
1997-09-06,1997,3,9,September,6,Saturday,6,249,1
1997-09-07,1997,3,9,September,7,Sunday,7,250,1
1997-09-08,1997,3,9,September,1,Monday,8,251,0
1997-09-09,1997,3,9,September,2,Tuesday,9,252,0
1997-09-10,1997,3,9,September,3,Wednesday,10,253,0
1997-09-11,1997,3,9,September,4,Thursday,11,254,0
1997-09-12,1997,3,9,September,5,Friday,12,255,0
1997-09-13,1997,3,9,September,6,Saturday,13,256,1
1997-09-14,1997,3,9,September,7,Sunday,14,257,1
1997-09-15,1997,3,9,September,1,Monday,15,258,0
1997-09-16,1997,3,9,September,2,Tuesday,16,259,0
1997-09-17,1997,3,9,September,3,Wednesday,17,260,0
1997-09-18,1997,3,9,September,4,Thursday,18,261,0
1997-09-19,1997,3,9,September,5,Friday,19,262,0
1997-09-20,1997,3,9,September,6,Saturday,20,263,1
1997-09-21,1997,3,9,September,7,Sunday,21,264,1
1997-09-22,1997,3,9,September,1,Monday,22,265,0
1997-09-23,1997,3,9,September,2,Tuesday,23,266,0
1997-09-24,1997,3,9,September,3,Wednesday,24,267,0
1997-09-25,1997,3,9,September,4,Thursday,25,268,0
1997-09-26,1997,3,9,September,5,Friday,26,269,0
1997-09-27,1997,3,9,September,6,Saturday,27,270,1
1997-09-28,1997,3,9,September,7,Sunday,28,271,1
1997-09-29,1997,3,9,September,1,Monday,29,272,0
1997-09-30,1997,3,9,September,2,Tuesday,30,273,0
1997-10-01,1997,4,10,October,3,Wednesday,1,274,0
1997-10-02,1997,4,10,October,4,Thursday,2,275,0
1997-10-03,1997,4,10,October,5,Friday,3,276,0
1997-10-04,1997,4,10,October,6,Saturday,4,277,1
1997-10-05,1997,4,10,October,7,Sunday,5,278,1
1997-10-06,1997,4,10,October,1,Monday,6,279,0
1997-10-07,1997,4,10,October,2,Tuesday,7,280,0
1997-10-08,1997,4,10,October,3,Wednesday,8,281,0
1997-10-09,1997,4,10,October,4,Thursday,9,282,0
1997-10-10,1997,4,10,October,5,Friday,10,283,0
1997-10-11,1997,4,10,October,6,Saturday,11,284,1
1997-10-12,1997,4,10,October,7,Sunday,12,285,1
1997-10-13,1997,4,10,October,1,Monday,13,286,0
1997-10-14,1997,4,10,October,2,Tuesday,14,287,0
1997-10-15,1997,4,10,October,3,Wednesday,15,288,0
1997-10-16,1997,4,10,October,4,Thursday,16,289,0
1997-10-17,1997,4,10,October,5,Friday,17,290,0
1997-10-18,1997,4,10,October,6,Saturday,18,291,1
1997-10-19,1997,4,10,October,7,Sunday,19,292,1
1997-10-20,1997,4,10,October,1,Monday,20,293,0
1997-10-21,1997,4,10,October,2,Tuesday,21,294,0
1997-10-22,1997,4,10,October,3,Wednesday,22,295,0
1997-10-23,1997,4,10,October,4,Thursday,23,296,0
1997-10-24,1997,4,10,October,5,Friday,24,297,0
1997-10-25,1997,4,10,October,6,Saturday,25,298,1
1997-10-26,1997,4,10,October,7,Sunday,26,299,1
1997-10-27,1997,4,10,October,1,Monday,27,300,0
1997-10-28,1997,4,10,October,2,Tuesday,28,301,0
1997-10-29,1997,4,10,October,3,Wednesday,29,302,0
1997-10-30,1997,4,10,October,4,Thursday,30,303,0
1997-10-31,1997,4,10,October,5,Friday,31,304,0
1997-11-01,1997,4,11,November,6,Saturday,1,305,1
1997-11-02,1997,4,11,November,7,Sunday,2,306,1
1997-11-03,1997,4,11,November,1,Monday,3,307,0
1997-11-04,1997,4,11,November,2,Tuesday,4,308,0
1997-11-05,1997,4,11,November,3,Wednesday,5,309,0
1997-11-06,1997,4,11,November,4,Thursday,6,310,0
1997-11-07,1997,4,11,November,5,Friday,7,311,0
1997-11-08,1997,4,11,November,6,Saturday,8,312,1
1997-11-09,1997,4,11,November,7,Sunday,9,313,1
1997-11-10,1997,4,11,November,1,Monday,10,314,0
1997-11-11,1997,4,11,November,2,Tuesday,11,315,0
1997-11-12,1997,4,11,November,3,Wednesday,12,316,0
1997-11-13,1997,4,11,November,4,Thursday,13,317,0
1997-11-14,1997,4,11,November,5,Friday,14,318,0
1997-11-15,1997,4,11,November,6,Saturday,15,319,1
1997-11-16,1997,4,11,November,7,Sunday,16,320,1
1997-11-17,1997,4,11,November,1,Monday,17,321,0
1997-11-18,1997,4,11,November,2,Tuesday,18,322,0
1997-11-19,1997,4,11,November,3,Wednesday,19,323,0
1997-11-20,1997,4,11,November,4,Thursday,20,324,0
1997-11-21,1997,4,11,November,5,Friday,21,325,0
1997-11-22,1997,4,11,November,6,Saturday,22,326,1
1997-11-23,1997,4,11,November,7,Sunday,23,327,1
1997-11-24,1997,4,11,November,1,Monday,24,328,0
1997-11-25,1997,4,11,November,2,Tuesday,25,329,0
1997-11-26,1997,4,11,November,3,Wednesday,26,330,0
1997-11-27,1997,4,11,November,4,Thursday,27,331,0
1997-11-28,1997,4,11,November,5,Friday,28,332,0
1997-11-29,1997,4,11,November,6,Saturday,29,333,1
1997-11-30,1997,4,11,November,7,Sunday,30,334,1
1997-12-01,1997,4,12,December,1,Monday,1,335,0
1997-12-02,1997,4,12,December,2,Tuesday,2,336,0
1997-12-03,1997,4,12,December,3,Wednesday,3,337,0
1997-12-04,1997,4,12,December,4,Thursday,4,338,0
1997-12-05,1997,4,12,December,5,Friday,5,339,0
1997-12-06,1997,4,12,December,6,Saturday,6,340,1
1997-12-07,1997,4,12,December,7,Sunday,7,341,1
1997-12-08,1997,4,12,December,1,Monday,8,342,0
1997-12-09,1997,4,12,December,2,Tuesday,9,343,0
1997-12-10,1997,4,12,December,3,Wednesday,10,344,0
1997-12-11,1997,4,12,December,4,Thursday,11,345,0
1997-12-12,1997,4,12,December,5,Friday,12,346,0
1997-12-13,1997,4,12,December,6,Saturday,13,347,1
1997-12-14,1997,4,12,December,7,Sunday,14,348,1
1997-12-15,1997,4,12,December,1,Monday,15,349,0
1997-12-16,1997,4,12,December,2,Tuesday,16,350,0
1997-12-17,1997,4,12,December,3,Wednesday,17,351,0
1997-12-18,1997,4,12,December,4,Thursday,18,352,0
1997-12-19,1997,4,12,December,5,Friday,19,353,0
1997-12-20,1997,4,12,December,6,Saturday,20,354,1
1997-12-21,1997,4,12,December,7,Sunday,21,355,1
1997-12-22,1997,4,12,December,1,Monday,22,356,0
1997-12-23,1997,4,12,December,2,Tuesday,23,357,0
1997-12-24,1997,4,12,December,3,Wednesday,24,358,0
1997-12-25,1997,4,12,December,4,Thursday,25,359,0
1997-12-26,1997,4,12,December,5,Friday,26,360,0
1997-12-27,1997,4,12,December,6,Saturday,27,361,1
1997-12-28,1997,4,12,December,7,Sunday,28,362,1
1997-12-29,1997,4,12,December,1,Monday,29,363,0
1997-12-30,1997,4,12,December,2,Tuesday,30,364,0
1997-12-31,1997,4,12,December,3,Wednesday,31,365,0
1998-01-01,1998,1,1,January,4,Thursday,1,1,0
1998-01-02,1998,1,1,January,5,Friday,2,2,0
1998-01-03,1998,1,1,January,6,Saturday,3,3,1
1998-01-04,1998,1,1,January,7,Sunday,4,4,1
1998-01-05,1998,1,1,January,1,Monday,5,5,0
1998-01-06,1998,1,1,January,2,Tuesday,6,6,0
1998-01-07,1998,1,1,January,3,Wednesday,7,7,0
1998-01-08,1998,1,1,January,4,Thursday,8,8,0
1998-01-09,1998,1,1,January,5,Friday,9,9,0
1998-01-10,1998,1,1,January,6,Saturday,10,10,1
1998-01-11,1998,1,1,January,7,Sunday,11,11,1
1998-01-12,1998,1,1,January,1,Monday,12,12,0
1998-01-13,1998,1,1,January,2,Tuesday,13,13,0
1998-01-14,1998,1,1,January,3,Wednesday,14,14,0
1998-01-15,1998,1,1,January,4,Thursday,15,15,0
1998-01-16,1998,1,1,January,5,Friday,16,16,0
1998-01-17,1998,1,1,January,6,Saturday,17,17,1
1998-01-18,1998,1,1,January,7,Sunday,18,18,1
1998-01-19,1998,1,1,January,1,Monday,19,19,0
1998-01-20,1998,1,1,January,2,Tuesday,20,20,0
1998-01-21,1998,1,1,January,3,Wednesday,21,21,0
1998-01-22,1998,1,1,January,4,Thursday,22,22,0
1998-01-23,1998,1,1,January,5,Friday,23,23,0
1998-01-24,1998,1,1,January,6,Saturday,24,24,1
1998-01-25,1998,1,1,January,7,Sunday,25,25,1
1998-01-26,1998,1,1,January,1,Monday,26,26,0
1998-01-27,1998,1,1,January,2,Tuesday,27,27,0
1998-01-28,1998,1,1,January,3,Wednesday,28,28,0
1998-01-29,1998,1,1,January,4,Thursday,29,29,0
1998-01-30,1998,1,1,January,5,Friday,30,30,0
1998-01-31,1998,1,1,January,6,Saturday,31,31,1
1998-02-01,1998,1,2,February,7,Sunday,1,32,1
1998-02-02,1998,1,2,February,1,Monday,2,33,0
1998-02-03,1998,1,2,February,2,Tuesday,3,34,0
1998-02-04,1998,1,2,February,3,Wednesday,4,35,0
1998-02-05,1998,1,2,February,4,Thursday,5,36,0
1998-02-06,1998,1,2,February,5,Friday,6,37,0
1998-02-07,1998,1,2,February,6,Saturday,7,38,1
1998-02-08,1998,1,2,February,7,Sunday,8,39,1
1998-02-09,1998,1,2,February,1,Monday,9,40,0
1998-02-10,1998,1,2,February,2,Tuesday,10,41,0
1998-02-11,1998,1,2,February,3,Wednesday,11,42,0
1998-02-12,1998,1,2,February,4,Thursday,12,43,0
1998-02-13,1998,1,2,February,5,Friday,13,44,0
1998-02-14,1998,1,2,February,6,Saturday,14,45,1
1998-02-15,1998,1,2,February,7,Sunday,15,46,1
1998-02-16,1998,1,2,February,1,Monday,16,47,0
1998-02-17,1998,1,2,February,2,Tuesday,17,48,0
1998-02-18,1998,1,2,February,3,Wednesday,18,49,0
1998-02-19,1998,1,2,February,4,Thursday,19,50,0
1998-02-20,1998,1,2,February,5,Friday,20,51,0
1998-02-21,1998,1,2,February,6,Saturday,21,52,1
1998-02-22,1998,1,2,February,7,Sunday,22,53,1
1998-02-23,1998,1,2,February,1,Monday,23,54,0
1998-02-24,1998,1,2,February,2,Tuesday,24,55,0
1998-02-25,1998,1,2,February,3,Wednesday,25,56,0
1998-02-26,1998,1,2,February,4,Thursday,26,57,0
1998-02-27,1998,1,2,February,5,Friday,27,58,0
1998-02-28,1998,1,2,February,6,Saturday,28,59,1
1998-03-01,1998,1,3,March,7,Sunday,1,60,1
1998-03-02,1998,1,3,March,1,Monday,2,61,0
1998-03-03,1998,1,3,March,2,Tuesday,3,62,0
1998-03-04,1998,1,3,March,3,Wednesday,4,63,0
1998-03-05,1998,1,3,March,4,Thursday,5,64,0
1998-03-06,1998,1,3,March,5,Friday,6,65,0
1998-03-07,1998,1,3,March,6,Saturday,7,66,1
1998-03-08,1998,1,3,March,7,Sunday,8,67,1
1998-03-09,1998,1,3,March,1,Monday,9,68,0
1998-03-10,1998,1,3,March,2,Tuesday,10,69,0
1998-03-11,1998,1,3,March,3,Wednesday,11,70,0
1998-03-12,1998,1,3,March,4,Thursday,12,71,0
1998-03-13,1998,1,3,March,5,Friday,13,72,0
1998-03-14,1998,1,3,March,6,Saturday,14,73,1
1998-03-15,1998,1,3,March,7,Sunday,15,74,1
1998-03-16,1998,1,3,March,1,Monday,16,75,0
1998-03-17,1998,1,3,March,2,Tuesday,17,76,0
1998-03-18,1998,1,3,March,3,Wednesday,18,77,0
1998-03-19,1998,1,3,March,4,Thursday,19,78,0
1998-03-20,1998,1,3,March,5,Friday,20,79,0
1998-03-21,1998,1,3,March,6,Saturday,21,80,1
1998-03-22,1998,1,3,March,7,Sunday,22,81,1
1998-03-23,1998,1,3,March,1,Monday,23,82,0
1998-03-24,1998,1,3,March,2,Tuesday,24,83,0
1998-03-25,1998,1,3,March,3,Wednesday,25,84,0
1998-03-26,1998,1,3,March,4,Thursday,26,85,0
1998-03-27,1998,1,3,March,5,Friday,27,86,0
1998-03-28,1998,1,3,March,6,Saturday,28,87,1
1998-03-29,1998,1,3,March,7,Sunday,29,88,1
1998-03-30,1998,1,3,March,1,Monday,30,89,0
1998-03-31,1998,1,3,March,2,Tuesday,31,90,0
1998-04-01,1998,2,4,April,3,Wednesday,1,91,0
1998-04-02,1998,2,4,April,4,Thursday,2,92,0
1998-04-03,1998,2,4,April,5,Friday,3,93,0
1998-04-04,1998,2,4,April,6,Saturday,4,94,1
1998-04-05,1998,2,4,April,7,Sunday,5,95,1
1998-04-06,1998,2,4,April,1,Monday,6,96,0
1998-04-07,1998,2,4,April,2,Tuesday,7,97,0
1998-04-08,1998,2,4,April,3,Wednesday,8,98,0
1998-04-09,1998,2,4,April,4,Thursday,9,99,0
1998-04-10,1998,2,4,April,5,Friday,10,100,0
1998-04-11,1998,2,4,April,6,Saturday,11,101,1
1998-04-12,1998,2,4,April,7,Sunday,12,102,1
1998-04-13,1998,2,4,April,1,Monday,13,103,0
1998-04-14,1998,2,4,April,2,Tuesday,14,104,0
1998-04-15,1998,2,4,April,3,Wednesday,15,105,0
1998-04-16,1998,2,4,April,4,Thursday,16,106,0
1998-04-17,1998,2,4,April,5,Friday,17,107,0
1998-04-18,1998,2,4,April,6,Saturday,18,108,1
1998-04-19,1998,2,4,April,7,Sunday,19,109,1
1998-04-20,1998,2,4,April,1,Monday,20,110,0
1998-04-21,1998,2,4,April,2,Tuesday,21,111,0
1998-04-22,1998,2,4,April,3,Wednesday,22,112,0
1998-04-23,1998,2,4,April,4,Thursday,23,113,0
1998-04-24,1998,2,4,April,5,Friday,24,114,0
1998-04-25,1998,2,4,April,6,Saturday,25,115,1
1998-04-26,1998,2,4,April,7,Sunday,26,116,1
1998-04-27,1998,2,4,April,1,Monday,27,117,0
1998-04-28,1998,2,4,April,2,Tuesday,28,118,0
1998-04-29,1998,2,4,April,3,Wednesday,29,119,0
1998-04-30,1998,2,4,April,4,Thursday,30,120,0
1998-05-01,1998,2,5,May,5,Friday,1,121,0
1998-05-02,1998,2,5,May,6,Saturday,2,122,1
1998-05-03,1998,2,5,May,7,Sunday,3,123,1
1998-05-04,1998,2,5,May,1,Monday,4,124,0
1998-05-05,1998,2,5,May,2,Tuesday,5,125,0
1998-05-06,1998,2,5,May,3,Wednesday,6,126,0
1998-05-07,1998,2,5,May,4,Thursday,7,127,0
1998-05-08,1998,2,5,May,5,Friday,8,128,0
1998-05-09,1998,2,5,May,6,Saturday,9,129,1
1998-05-10,1998,2,5,May,7,Sunday,10,130,1
1998-05-11,1998,2,5,May,1,Monday,11,131,0
1998-05-12,1998,2,5,May,2,Tuesday,12,132,0
1998-05-13,1998,2,5,May,3,Wednesday,13,133,0
1998-05-14,1998,2,5,May,4,Thursday,14,134,0
1998-05-15,1998,2,5,May,5,Friday,15,135,0
1998-05-16,1998,2,5,May,6,Saturday,16,136,1
1998-05-17,1998,2,5,May,7,Sunday,17,137,1
1998-05-18,1998,2,5,May,1,Monday,18,138,0
1998-05-19,1998,2,5,May,2,Tuesday,19,139,0
1998-05-20,1998,2,5,May,3,Wednesday,20,140,0
1998-05-21,1998,2,5,May,4,Thursday,21,141,0
1998-05-22,1998,2,5,May,5,Friday,22,142,0
1998-05-23,1998,2,5,May,6,Saturday,23,143,1
1998-05-24,1998,2,5,May,7,Sunday,24,144,1
1998-05-25,1998,2,5,May,1,Monday,25,145,0
1998-05-26,1998,2,5,May,2,Tuesday,26,146,0
1998-05-27,1998,2,5,May,3,Wednesday,27,147,0
1998-05-28,1998,2,5,May,4,Thursday,28,148,0
1998-05-29,1998,2,5,May,5,Friday,29,149,0
1998-05-30,1998,2,5,May,6,Saturday,30,150,1
1998-05-31,1998,2,5,May,7,Sunday,31,151,1
1998-06-01,1998,2,6,June,1,Monday,1,152,0
1998-06-02,1998,2,6,June,2,Tuesday,2,153,0
1998-06-03,1998,2,6,June,3,Wednesday,3,154,0
1998-06-04,1998,2,6,June,4,Thursday,4,155,0
1998-06-05,1998,2,6,June,5,Friday,5,156,0
1998-06-06,1998,2,6,June,6,Saturday,6,157,1
1998-06-07,1998,2,6,June,7,Sunday,7,158,1
1998-06-08,1998,2,6,June,1,Monday,8,159,0
1998-06-09,1998,2,6,June,2,Tuesday,9,160,0
1998-06-10,1998,2,6,June,3,Wednesday,10,161,0
1998-06-11,1998,2,6,June,4,Thursday,11,162,0
1998-06-12,1998,2,6,June,5,Friday,12,163,0
1998-06-13,1998,2,6,June,6,Saturday,13,164,1
1998-06-14,1998,2,6,June,7,Sunday,14,165,1
1998-06-15,1998,2,6,June,1,Monday,15,166,0
1998-06-16,1998,2,6,June,2,Tuesday,16,167,0
1998-06-17,1998,2,6,June,3,Wednesday,17,168,0
1998-06-18,1998,2,6,June,4,Thursday,18,169,0
1998-06-19,1998,2,6,June,5,Friday,19,170,0
1998-06-20,1998,2,6,June,6,Saturday,20,171,1
1998-06-21,1998,2,6,June,7,Sunday,21,172,1
1998-06-22,1998,2,6,June,1,Monday,22,173,0
1998-06-23,1998,2,6,June,2,Tuesday,23,174,0
1998-06-24,1998,2,6,June,3,Wednesday,24,175,0
1998-06-25,1998,2,6,June,4,Thursday,25,176,0
1998-06-26,1998,2,6,June,5,Friday,26,177,0
1998-06-27,1998,2,6,June,6,Saturday,27,178,1
1998-06-28,1998,2,6,June,7,Sunday,28,179,1
1998-06-29,1998,2,6,June,1,Monday,29,180,0
1998-06-30,1998,2,6,June,2,Tuesday,30,181,0
1998-07-01,1998,3,7,July,3,Wednesday,1,182,0
1998-07-02,1998,3,7,July,4,Thursday,2,183,0
1998-07-03,1998,3,7,July,5,Friday,3,184,0
1998-07-04,1998,3,7,July,6,Saturday,4,185,1
1998-07-05,1998,3,7,July,7,Sunday,5,186,1
1998-07-06,1998,3,7,July,1,Monday,6,187,0
1998-07-07,1998,3,7,July,2,Tuesday,7,188,0
1998-07-08,1998,3,7,July,3,Wednesday,8,189,0
1998-07-09,1998,3,7,July,4,Thursday,9,190,0
1998-07-10,1998,3,7,July,5,Friday,10,191,0
1998-07-11,1998,3,7,July,6,Saturday,11,192,1
1998-07-12,1998,3,7,July,7,Sunday,12,193,1
1998-07-13,1998,3,7,July,1,Monday,13,194,0
1998-07-14,1998,3,7,July,2,Tuesday,14,195,0
1998-07-15,1998,3,7,July,3,Wednesday,15,196,0
1998-07-16,1998,3,7,July,4,Thursday,16,197,0
1998-07-17,1998,3,7,July,5,Friday,17,198,0
1998-07-18,1998,3,7,July,6,Saturday,18,199,1
1998-07-19,1998,3,7,July,7,Sunday,19,200,1
1998-07-20,1998,3,7,July,1,Monday,20,201,0
1998-07-21,1998,3,7,July,2,Tuesday,21,202,0
1998-07-22,1998,3,7,July,3,Wednesday,22,203,0
1998-07-23,1998,3,7,July,4,Thursday,23,204,0
1998-07-24,1998,3,7,July,5,Friday,24,205,0
1998-07-25,1998,3,7,July,6,Saturday,25,206,1
1998-07-26,1998,3,7,July,7,Sunday,26,207,1
1998-07-27,1998,3,7,July,1,Monday,27,208,0
1998-07-28,1998,3,7,July,2,Tuesday,28,209,0
1998-07-29,1998,3,7,July,3,Wednesday,29,210,0
1998-07-30,1998,3,7,July,4,Thursday,30,211,0
1998-07-31,1998,3,7,July,5,Friday,31,212,0
1998-08-01,1998,3,8,August,6,Saturday,1,213,1
1998-08-02,1998,3,8,August,7,Sunday,2,214,1
1998-08-03,1998,3,8,August,1,Monday,3,215,0
1998-08-04,1998,3,8,August,2,Tuesday,4,216,0
1998-08-05,1998,3,8,August,3,Wednesday,5,217,0
1998-08-06,1998,3,8,August,4,Thursday,6,218,0
1998-08-07,1998,3,8,August,5,Friday,7,219,0
1998-08-08,1998,3,8,August,6,Saturday,8,220,1
1998-08-09,1998,3,8,August,7,Sunday,9,221,1
1998-08-10,1998,3,8,August,1,Monday,10,222,0
1998-08-11,1998,3,8,August,2,Tuesday,11,223,0
1998-08-12,1998,3,8,August,3,Wednesday,12,224,0
1998-08-13,1998,3,8,August,4,Thursday,13,225,0
1998-08-14,1998,3,8,August,5,Friday,14,226,0
1998-08-15,1998,3,8,August,6,Saturday,15,227,1
1998-08-16,1998,3,8,August,7,Sunday,16,228,1
1998-08-17,1998,3,8,August,1,Monday,17,229,0
1998-08-18,1998,3,8,August,2,Tuesday,18,230,0
1998-08-19,1998,3,8,August,3,Wednesday,19,231,0
1998-08-20,1998,3,8,August,4,Thursday,20,232,0
1998-08-21,1998,3,8,August,5,Friday,21,233,0
1998-08-22,1998,3,8,August,6,Saturday,22,234,1
1998-08-23,1998,3,8,August,7,Sunday,23,235,1
1998-08-24,1998,3,8,August,1,Monday,24,236,0
1998-08-25,1998,3,8,August,2,Tuesday,25,237,0
1998-08-26,1998,3,8,August,3,Wednesday,26,238,0
1998-08-27,1998,3,8,August,4,Thursday,27,239,0
1998-08-28,1998,3,8,August,5,Friday,28,240,0
1998-08-29,1998,3,8,August,6,Saturday,29,241,1
1998-08-30,1998,3,8,August,7,Sunday,30,242,1
1998-08-31,1998,3,8,August,1,Monday,31,243,0
1998-09-01,1998,3,9,September,2,Tuesday,1,244,0
1998-09-02,1998,3,9,September,3,Wednesday,2,245,0
1998-09-03,1998,3,9,September,4,Thursday,3,246,0
1998-09-04,1998,3,9,September,5,Friday,4,247,0
1998-09-05,1998,3,9,September,6,Saturday,5,248,1
1998-09-06,1998,3,9,September,7,Sunday,6,249,1
1998-09-07,1998,3,9,September,1,Monday,7,250,0
1998-09-08,1998,3,9,September,2,Tuesday,8,251,0
1998-09-09,1998,3,9,September,3,Wednesday,9,252,0
1998-09-10,1998,3,9,September,4,Thursday,10,253,0
1998-09-11,1998,3,9,September,5,Friday,11,254,0
1998-09-12,1998,3,9,September,6,Saturday,12,255,1
1998-09-13,1998,3,9,September,7,Sunday,13,256,1
1998-09-14,1998,3,9,September,1,Monday,14,257,0
1998-09-15,1998,3,9,September,2,Tuesday,15,258,0
1998-09-16,1998,3,9,September,3,Wednesday,16,259,0
1998-09-17,1998,3,9,September,4,Thursday,17,260,0
1998-09-18,1998,3,9,September,5,Friday,18,261,0
1998-09-19,1998,3,9,September,6,Saturday,19,262,1
1998-09-20,1998,3,9,September,7,Sunday,20,263,1
1998-09-21,1998,3,9,September,1,Monday,21,264,0
1998-09-22,1998,3,9,September,2,Tuesday,22,265,0
1998-09-23,1998,3,9,September,3,Wednesday,23,266,0
1998-09-24,1998,3,9,September,4,Thursday,24,267,0
1998-09-25,1998,3,9,September,5,Friday,25,268,0
1998-09-26,1998,3,9,September,6,Saturday,26,269,1
1998-09-27,1998,3,9,September,7,Sunday,27,270,1
1998-09-28,1998,3,9,September,1,Monday,28,271,0
1998-09-29,1998,3,9,September,2,Tuesday,29,272,0
1998-09-30,1998,3,9,September,3,Wednesday,30,273,0
1998-10-01,1998,4,10,October,4,Thursday,1,274,0
1998-10-02,1998,4,10,October,5,Friday,2,275,0
1998-10-03,1998,4,10,October,6,Saturday,3,276,1
1998-10-04,1998,4,10,October,7,Sunday,4,277,1
1998-10-05,1998,4,10,October,1,Monday,5,278,0
1998-10-06,1998,4,10,October,2,Tuesday,6,279,0
1998-10-07,1998,4,10,October,3,Wednesday,7,280,0
1998-10-08,1998,4,10,October,4,Thursday,8,281,0
1998-10-09,1998,4,10,October,5,Friday,9,282,0
1998-10-10,1998,4,10,October,6,Saturday,10,283,1
1998-10-11,1998,4,10,October,7,Sunday,11,284,1
1998-10-12,1998,4,10,October,1,Monday,12,285,0
1998-10-13,1998,4,10,October,2,Tuesday,13,286,0
1998-10-14,1998,4,10,October,3,Wednesday,14,287,0
1998-10-15,1998,4,10,October,4,Thursday,15,288,0
1998-10-16,1998,4,10,October,5,Friday,16,289,0
1998-10-17,1998,4,10,October,6,Saturday,17,290,1
1998-10-18,1998,4,10,October,7,Sunday,18,291,1
1998-10-19,1998,4,10,October,1,Monday,19,292,0
1998-10-20,1998,4,10,October,2,Tuesday,20,293,0
1998-10-21,1998,4,10,October,3,Wednesday,21,294,0
1998-10-22,1998,4,10,October,4,Thursday,22,295,0
1998-10-23,1998,4,10,October,5,Friday,23,296,0
1998-10-24,1998,4,10,October,6,Saturday,24,297,1
1998-10-25,1998,4,10,October,7,Sunday,25,298,1
1998-10-26,1998,4,10,October,1,Monday,26,299,0
1998-10-27,1998,4,10,October,2,Tuesday,27,300,0
1998-10-28,1998,4,10,October,3,Wednesday,28,301,0
1998-10-29,1998,4,10,October,4,Thursday,29,302,0
1998-10-30,1998,4,10,October,5,Friday,30,303,0
1998-10-31,1998,4,10,October,6,Saturday,31,304,1
1998-11-01,1998,4,11,November,7,Sunday,1,305,1
1998-11-02,1998,4,11,November,1,Monday,2,306,0
1998-11-03,1998,4,11,November,2,Tuesday,3,307,0
1998-11-04,1998,4,11,November,3,Wednesday,4,308,0
1998-11-05,1998,4,11,November,4,Thursday,5,309,0
1998-11-06,1998,4,11,November,5,Friday,6,310,0
1998-11-07,1998,4,11,November,6,Saturday,7,311,1
1998-11-08,1998,4,11,November,7,Sunday,8,312,1
1998-11-09,1998,4,11,November,1,Monday,9,313,0
1998-11-10,1998,4,11,November,2,Tuesday,10,314,0
1998-11-11,1998,4,11,November,3,Wednesday,11,315,0
1998-11-12,1998,4,11,November,4,Thursday,12,316,0
1998-11-13,1998,4,11,November,5,Friday,13,317,0
1998-11-14,1998,4,11,November,6,Saturday,14,318,1
1998-11-15,1998,4,11,November,7,Sunday,15,319,1
1998-11-16,1998,4,11,November,1,Monday,16,320,0
1998-11-17,1998,4,11,November,2,Tuesday,17,321,0
1998-11-18,1998,4,11,November,3,Wednesday,18,322,0
1998-11-19,1998,4,11,November,4,Thursday,19,323,0
1998-11-20,1998,4,11,November,5,Friday,20,324,0
1998-11-21,1998,4,11,November,6,Saturday,21,325,1
1998-11-22,1998,4,11,November,7,Sunday,22,326,1
1998-11-23,1998,4,11,November,1,Monday,23,327,0
1998-11-24,1998,4,11,November,2,Tuesday,24,328,0
1998-11-25,1998,4,11,November,3,Wednesday,25,329,0
1998-11-26,1998,4,11,November,4,Thursday,26,330,0
1998-11-27,1998,4,11,November,5,Friday,27,331,0
1998-11-28,1998,4,11,November,6,Saturday,28,332,1
1998-11-29,1998,4,11,November,7,Sunday,29,333,1
1998-11-30,1998,4,11,November,1,Monday,30,334,0
1998-12-01,1998,4,12,December,2,Tuesday,1,335,0
1998-12-02,1998,4,12,December,3,Wednesday,2,336,0
1998-12-03,1998,4,12,December,4,Thursday,3,337,0
1998-12-04,1998,4,12,December,5,Friday,4,338,0
1998-12-05,1998,4,12,December,6,Saturday,5,339,1
1998-12-06,1998,4,12,December,7,Sunday,6,340,1
1998-12-07,1998,4,12,December,1,Monday,7,341,0
1998-12-08,1998,4,12,December,2,Tuesday,8,342,0
1998-12-09,1998,4,12,December,3,Wednesday,9,343,0
1998-12-10,1998,4,12,December,4,Thursday,10,344,0
1998-12-11,1998,4,12,December,5,Friday,11,345,0
1998-12-12,1998,4,12,December,6,Saturday,12,346,1
1998-12-13,1998,4,12,December,7,Sunday,13,347,1
1998-12-14,1998,4,12,December,1,Monday,14,348,0
1998-12-15,1998,4,12,December,2,Tuesday,15,349,0
1998-12-16,1998,4,12,December,3,Wednesday,16,350,0
1998-12-17,1998,4,12,December,4,Thursday,17,351,0
1998-12-18,1998,4,12,December,5,Friday,18,352,0
1998-12-19,1998,4,12,December,6,Saturday,19,353,1
1998-12-20,1998,4,12,December,7,Sunday,20,354,1
1998-12-21,1998,4,12,December,1,Monday,21,355,0
1998-12-22,1998,4,12,December,2,Tuesday,22,356,0
1998-12-23,1998,4,12,December,3,Wednesday,23,357,0
1998-12-24,1998,4,12,December,4,Thursday,24,358,0
1998-12-25,1998,4,12,December,5,Friday,25,359,0
1998-12-26,1998,4,12,December,6,Saturday,26,360,1
1998-12-27,1998,4,12,December,7,Sunday,27,361,1
1998-12-28,1998,4,12,December,1,Monday,28,362,0
1998-12-29,1998,4,12,December,2,Tuesday,29,363,0
1998-12-30,1998,4,12,December,3,Wednesday,30,364,0
1998-12-31,1998,4,12,December,4,Thursday,31,365,0
